pincode,city,brand,sku,available,delivery_time,price,in_stock,notes
400001,Mumbai,boAt,Airdopes 311 Pro,Yes,12 mins,799,Yes,9 variant(s) matched; showing boAt Airdopes 311 Pro TWS Earbuds (Active Black)
400001,Mumbai,boAt,Nirvana Ion ANC,No,Not available,,No,Not found in search results
400001,Mumbai,boAt,Airdopes 141 Elite ANC,Yes,30 mins,1399,No,
400001,Mumbai,boAt,Chrome Horizon Smart Watch,No,Not available,,No,Not found in search results
400001,Mumbai,boAt,Lunar Vista,No,Not available,,No,Not found in search results
400001,Mumbai,Noise,Buds VS102 Plus,Yes,8 mins,1499,Yes,
400001,Mumbai,Noise,Buds N2 Pro,No,Not available,,No,Not found in search results
400001,Mumbai,Noise,Alt Buds S,No,Not available,,No,Not found in search results
400001,Mumbai,Noise,Alt Watch 1,No,Not available,,No,Not found in search results
400001,Mumbai,Noise,NoiseFit Twist Go,Yes,30 mins,1599,Yes,9 variant(s) matched; showing Noise NoiseFit Twist Go HD Smart Watch (Rose Pink)
400001,Mumbai,Noise,ColorFit Icon 4,No,Not available,,No,Not found in search results
400001,Mumbai,Noise,ColorFit Ultra 3,No,Not available,,No,Not found in search results
560001,Bangalore,boAt,Airdopes 311 Pro,Yes,8 mins,799,Yes,10 variant(s) matched; showing boAt Airdopes 311 Pro TWS Earbuds (Active Black)
560001,Bangalore,boAt,Nirvana Ion ANC,Yes,8 mins,1999,Yes,7 variant(s) matched; showing boAt Nirvana Ion ANC TWS Earbuds (Crystal Black)
560001,Bangalore,boAt,Airdopes 141 Elite ANC,Yes,8 mins,1399,Yes,3 variant(s) matched; showing boAt Airdopes 141 Elite ANC TWS Earbuds (Black)
560001,Bangalore,boAt,Chrome Horizon Smart Watch,No,Not available,,No,Not found in search results
560001,Bangalore,boAt,Lunar Vista,Yes,8 mins,1549,Yes,4 variant(s) matched; showing boAt Lunar Vista HD Smart Watch (Metal Silver)
560001,Bangalore,Noise,Buds VS102 Plus,Yes,8 mins,1499,Yes,6 variant(s) matched; showing Noise Buds VS102 Plus TWS Earbuds (Deep Wine)
560001,Bangalore,Noise,Buds N2 Pro,Yes,8 mins,1599,Yes,3 variant(s) matched; showing Noise Buds N2 Pro Truly Wireless TWS Earbuds (Slate Black)
560001,Bangalore,Noise,Alt Buds S,Yes,8 mins,1799,Yes,3 variant(s) matched; showing Noise Alt Buds S TWS Earbuds (Chosen Orange)
560001,Bangalore,Noise,Alt Watch 1,Yes,8 mins,5999,Yes,8 variant(s) matched; showing Noise Alt Watch 1 Amoled Smart Watch (Chosen Black)
560001,Bangalore,Noise,NoiseFit Twist Go,Yes,8 mins,1899,Yes,11 variant(s) matched; showing Noise NoiseFit Twist Go HD Smart Watch (Gold Link)
560001,Bangalore,Noise,ColorFit Icon 4,No,Not available,,No,Not found in search results
560001,Bangalore,Noise,ColorFit Ultra 3,No,Not available,,No,Not found in search results
110001,Delhi,boAt,Airdopes 311 Pro,Yes,8 mins,799,Yes,10 variant(s) matched; showing boAt Airdopes 311 Pro TWS Earbuds (Active Black)
110001,Delhi,boAt,Nirvana Ion ANC,Yes,8 mins,1999,Yes,5 variant(s) matched; showing boAt Nirvana Ion ANC TWS Earbuds (Green)
110001,Delhi,boAt,Airdopes 141 Elite ANC,Yes,21 mins,1399,Yes,6 variant(s) matched; showing boAt Airdopes 141 Elite ANC TWS Earbuds (Black)
110001,Delhi,boAt,Chrome Horizon Smart Watch,No,Not available,,No,Not found in search results
110001,Delhi,boAt,Lunar Vista,No,Not available,,No,Not found in search results
110001,Delhi,Noise,Buds VS102 Plus,Yes,8 mins,1499,Yes,6 variant(s) matched; showing Noise Buds VS102 Plus TWS Earbuds (Deep Wine)
110001,Delhi,Noise,Buds N2 Pro,Yes,21 mins,1599,Yes,4 variant(s) matched; showing Noise Buds N2 Pro Truly Wireless TWS Earbuds (Slate Black)
110001,Delhi,Noise,Alt Buds S,Yes,21 mins,1799,Yes,4 variant(s) matched; showing Noise Alt Buds S TWS Earbuds (Chosen Black)
110001,Delhi,Noise,Alt Watch 1,No,Not available,,No,Not found in search results
110001,Delhi,Noise,NoiseFit Twist Go,Yes,21 mins,1899,Yes,20 variant(s) matched; showing Noise NoiseFit Twist Go HD Smart Watch (Gold Link)
110001,Delhi,Noise,ColorFit Icon 4,No,Not available,,No,Not found in search results
110001,Delhi,Noise,ColorFit Ultra 3,No,Not available,,No,Not found in search results
122001,Gurgaon,boAt,Airdopes 311 Pro,Yes,10 mins,799,Yes,10 variant(s) matched; showing boAt Airdopes 311 Pro TWS Earbuds (Active Black)
122001,Gurgaon,boAt,Nirvana Ion ANC,Yes,10 mins,1999,Yes,3 variant(s) matched; showing boAt Nirvana Ion ANC TWS Earbuds (Green)
122001,Gurgaon,boAt,Airdopes 141 Elite ANC,Yes,8 mins,1399,Yes,6 variant(s) matched; showing boAt Airdopes 141 Elite ANC TWS Earbuds (Black)
122001,Gurgaon,boAt,Chrome Horizon Smart Watch,Yes,8 mins,3599,Yes,2 variant(s) matched; showing boAt Chrome Horizon Smart Watch (Coco Brown)
122001,Gurgaon,boAt,Lunar Vista,No,Not available,,No,Not found in search results
122001,Gurgaon,Noise,Buds VS102 Plus,Yes,8 mins,1499,Yes,6 variant(s) matched; showing Noise Buds VS102 Plus TWS Earbuds (Deep Wine)
122001,Gurgaon,Noise,Buds N2 Pro,Yes,8 mins,1599,Yes,3 variant(s) matched; showing Noise Buds N2 Pro Truly Wireless TWS Earbuds (Slate Black)
122001,Gurgaon,Noise,Alt Buds S,Yes,8 mins,1799,Yes,9 variant(s) matched; showing Noise Alt Buds S TWS Earbuds (Chosen Black)
122001,Gurgaon,Noise,Alt Watch 1,Yes,8 mins,5999,Yes,4 variant(s) matched; showing Noise Alt Watch 1 Amoled Smart Watch (Chosen Beige)
122001,Gurgaon,Noise,NoiseFit Twist Go,Yes,8 mins,1899,Yes,18 variant(s) matched; showing Noise NoiseFit Twist Go HD Smart Watch (Gold Link)
122001,Gurgaon,Noise,ColorFit Icon 4,No,Not available,,No,Not found in search results
122001,Gurgaon,Noise,ColorFit Ultra 3,No,Not available,,No,Not found in search results
160001,Chandigarh,boAt,Airdopes 311 Pro,Yes,8 mins,799,Yes,10 variant(s) matched; showing boAt Airdopes 311 Pro TWS Earbuds (Active Black)
160001,Chandigarh,boAt,Nirvana Ion ANC,Yes,8 mins,1999,Yes,9 variant(s) matched; showing boAt Nirvana Ion ANC TWS Earbuds (Crystal Black)
160001,Chandigarh,boAt,Airdopes 141 Elite ANC,Yes,8 mins,1399,Yes,3 variant(s) matched; showing boAt Airdopes 141 Elite ANC TWS Earbuds (Black)
160001,Chandigarh,boAt,Chrome Horizon Smart Watch,No,Not available,,No,Not found in search results
160001,Chandigarh,boAt,Lunar Vista,Yes,8 mins,1549,Yes,7 variant(s) matched; showing boAt Lunar Vista HD Smart Watch (Metal Silver)
160001,Chandigarh,Noise,Buds VS102 Plus,No,Not available,,No,Not found in search results
160001,Chandigarh,Noise,Buds N2 Pro,No,Not available,,No,Not found in search results
160001,Chandigarh,Noise,Alt Buds S,No,Not available,,No,Not found in search results
160001,Chandigarh,Noise,Alt Watch 1,No,Not available,,No,Not found in search results
160001,Chandigarh,Noise,NoiseFit Twist Go,No,Not available,,No,Not found in search results
160001,Chandigarh,Noise,ColorFit Icon 4,No,Not available,,No,Not found in search results
160001,Chandigarh,Noise,ColorFit Ultra 3,Yes,8 mins,2799,Yes,10 variant(s) matched; showing Noise ColorFit Ultra 3 Amoled Smart Watch (Jet Black)
411001,Pune,boAt,Airdopes 311 Pro,Yes,8 mins,799,Yes,13 variant(s) matched; showing boAt Airdopes 311 Pro TWS Earbuds (Active Black)
411001,Pune,boAt,Nirvana Ion ANC,Yes,30 mins,1999,Yes,8 variant(s) matched; showing boAt Nirvana Ion ANC TWS Earbuds (Crystal Black)
411001,Pune,boAt,Airdopes 141 Elite ANC,Yes,30 mins,1399,Yes,3 variant(s) matched; showing boAt Airdopes 141 Elite ANC TWS Earbuds (Green)
411001,Pune,boAt,Chrome Horizon Smart Watch,No,Not available,,No,Not found in search results
411001,Pune,boAt,Lunar Vista,Yes,8 mins,1599,Yes,5 variant(s) matched; showing boAt Lunar Vista HD Smart Watch (Cool Grey)
411001,Pune,Noise,Buds VS102 Plus,Yes,30 mins,1499,Yes,12 variant(s) matched; showing Noise Buds VS102 Plus TWS Earbuds (Matte Black)
411001,Pune,Noise,Buds N2 Pro,Yes,30 mins,1599,Yes,
411001,Pune,Noise,Alt Buds S,Yes,30 mins,1799,Yes,3 variant(s) matched; showing Noise Alt Buds S TWS Earbuds (Chosen Black)
411001,Pune,Noise,Alt Watch 1,Yes,30 mins,5999,Yes,8 variant(s) matched; showing Noise Alt Watch 1 Amoled Smart Watch (Chosen Black)
411001,Pune,Noise,NoiseFit Twist Go,Yes,30 mins,1899,Yes,11 variant(s) matched; showing Noise NoiseFit Twist Go HD Smart Watch (Gold Link)
411001,Pune,Noise,ColorFit Icon 4,No,Not available,,No,Not found in search results
411001,Pune,Noise,ColorFit Ultra 3,No,Not available,,No,Not found in search results
302001,Jaipur,boAt,Airdopes 311 Pro,Yes,8 mins,799,Yes,12 variant(s) matched; showing boAt Airdopes 311 Pro TWS Earbuds (Active Black)
302001,Jaipur,boAt,Nirvana Ion ANC,Yes,8 mins,1999,Yes,4 variant(s) matched; showing boAt Nirvana Ion ANC TWS Earbuds (Crystal Black)
302001,Jaipur,boAt,Airdopes 141 Elite ANC,No,Not available,,No,Not found in search results
302001,Jaipur,boAt,Chrome Horizon Smart Watch,No,Not available,,No,Not found in search results
302001,Jaipur,boAt,Lunar Vista,Yes,8 mins,1549,Yes,7 variant(s) matched; showing boAt Lunar Vista HD Smart Watch (Metal Silver)
302001,Jaipur,Noise,Buds VS102 Plus,Yes,8 mins,1499,Yes,6 variant(s) matched; showing Noise Buds VS102 Plus TWS Earbuds (Deep Wine)
302001,Jaipur,Noise,Buds N2 Pro,No,Not available,,No,Not found in search results
302001,Jaipur,Noise,Alt Buds S,No,Not available,,No,Not found in search results
302001,Jaipur,Noise,Alt Watch 1,No,Not available,,No,Not found in search results
302001,Jaipur,Noise,NoiseFit Twist Go,Yes,8 mins,1599,Yes,6 variant(s) matched; showing Noise NoiseFit Twist Go HD Smart Watch (Rose Pink)
302001,Jaipur,Noise,ColorFit Icon 4,No,Not available,,No,Not found in search results
302001,Jaipur,Noise,ColorFit Ultra 3,No,Not available,,No,Not found in search results
226001,Lucknow,boAt,Airdopes 311 Pro,Yes,8 mins,799,Yes,13 variant(s) matched; showing boAt Airdopes 311 Pro TWS Earbuds (Active Black)
226001,Lucknow,boAt,Nirvana Ion ANC,Yes,8 mins,1999,Yes,7 variant(s) matched; showing boAt Nirvana Ion ANC TWS Earbuds (Crystal Black)
226001,Lucknow,boAt,Airdopes 141 Elite ANC,Yes,8 mins,1399,Yes,2 variant(s) matched; showing boAt Airdopes 141 Elite ANC TWS Earbuds (Green)
226001,Lucknow,boAt,Chrome Horizon Smart Watch,Yes,8 mins,3599,Yes,2 variant(s) matched; showing boAt Chrome Horizon Smart Watch (Coco Brown)
226001,Lucknow,boAt,Lunar Vista,No,Not available,,No,Not found in search results
226001,Lucknow,Noise,Buds VS102 Plus,Yes,8 mins,1499,Yes,12 variant(s) matched; showing Noise Buds VS102 Plus TWS Earbuds (Matte Black)
226001,Lucknow,Noise,Buds N2 Pro,Yes,8 mins,1599,Yes,4 variant(s) matched; showing Noise Buds N2 Pro Truly Wireless TWS Earbuds (Slate Black)
226001,Lucknow,Noise,Alt Buds S,Yes,8 mins,1799,Yes,7 variant(s) matched; showing Noise Alt Buds S TWS Earbuds (Chosen Black)
226001,Lucknow,Noise,Alt Watch 1,No,Not available,,No,Not found in search results
226001,Lucknow,Noise,NoiseFit Twist Go,Yes,8 mins,1899,Yes,17 variant(s) matched; showing Noise NoiseFit Twist Go HD Smart Watch (Gold Link)
226001,Lucknow,Noise,ColorFit Icon 4,Yes,8 mins,1999,Yes,4 variant(s) matched; showing Noise ColorFit Icon 4 Smart Watch (Jet Black)
226001,Lucknow,Noise,ColorFit Ultra 3,Yes,8 mins,2799,Yes,5 variant(s) matched; showing Noise ColorFit Ultra 3 Amoled Smart Watch (Jet Black)
452001,Indore,boAt,Airdopes 311 Pro,Yes,10 mins,799,Yes,9 variant(s) matched; showing boAt Airdopes 311 Pro TWS Earbuds (Active Black)
452001,Indore,boAt,Nirvana Ion ANC,Yes,30 mins,1999,Yes,9 variant(s) matched; showing boAt Nirvana Ion ANC TWS Earbuds (Crystal Black)
452001,Indore,boAt,Airdopes 141 Elite ANC,Yes,30 mins,1399,Yes,6 variant(s) matched; showing boAt Airdopes 141 Elite ANC TWS Earbuds (Black)
452001,Indore,boAt,Chrome Horizon Smart Watch,No,Not available,,No,Not found in search results
452001,Indore,boAt,Lunar Vista,Yes,10 mins,1599,Yes,10 variant(s) matched; showing boAt Lunar Vista HD Smart Watch (Cool Grey)
452001,Indore,Noise,Buds VS102 Plus,Yes,10 mins,1499,Yes,12 variant(s) matched; showing Noise Buds VS102 Plus TWS Earbuds (Matte Black)
452001,Indore,Noise,Buds N2 Pro,No,Not available,,No,Not found in search results
452001,Indore,Noise,Alt Buds S,Yes,30 mins,1799,Yes,3 variant(s) matched; showing Noise Alt Buds S TWS Earbuds (Chosen Black)
452001,Indore,Noise,Alt Watch 1,No,Not available,,No,Not found in search results
452001,Indore,Noise,NoiseFit Twist Go,Yes,10 mins,1599,Yes,9 variant(s) matched; showing Noise NoiseFit Twist Go HD Smart Watch (Rose Pink)
452001,Indore,Noise,ColorFit Icon 4,Yes,30 mins,1999,Yes,4 variant(s) matched; showing Noise ColorFit Icon 4 Smart Watch (Jet Black)
452001,Indore,Noise,ColorFit Ultra 3,No,Not available,,No,Not found in search results
380001,Ahmedabad,boAt,Airdopes 311 Pro,Yes,8 mins,799,Yes,9 variant(s) matched; showing boAt Airdopes 311 Pro TWS Earbuds (Active Black)
380001,Ahmedabad,boAt,Nirvana Ion ANC,Yes,8 mins,1999,Yes,5 variant(s) matched; showing boAt Nirvana Ion ANC TWS Earbuds (Green)
380001,Ahmedabad,boAt,Airdopes 141 Elite ANC,Yes,8 mins,5990,Yes,4 variant(s) matched; showing boAt Airdopes 141 Elite ANC TWS Earbuds (Black)
380001,Ahmedabad,boAt,Chrome Horizon Smart Watch,No,Not available,,No,Not found in search results
380001,Ahmedabad,boAt,Lunar Vista,No,Not available,,No,Not found in search results
380001,Ahmedabad,Noise,Buds VS102 Plus,No,Not available,,No,Not found in search results
380001,Ahmedabad,Noise,Buds N2 Pro,No,Not available,,No,Not found in search results
380001,Ahmedabad,Noise,Alt Buds S,Yes,19 mins,1799,Yes,4 variant(s) matched; showing Noise Alt Buds S TWS Earbuds (Chosen Blue)
380001,Ahmedabad,Noise,Alt Watch 1,No,Not available,,No,Not found in search results
380001,Ahmedabad,Noise,NoiseFit Twist Go,No,Not available,,No,Not found in search results
380001,Ahmedabad,Noise,ColorFit Icon 4,No,Not available,,No,Not found in search results
380001,Ahmedabad,Noise,ColorFit Ultra 3,No,Not available,,No,Not found in search results
